<?xml version="1.0" encoding="UTF-8"?>
<Window size="570,360" caption="0,0,0,34" textid="STRID_TEAM_BOARD_TITLE">
    <VBox bkcolor="bk_wnd_lightcolor">
        <HBox class="caption">
            <Label class="font_title" width="stretch" valign="center" normaltextcolor="darkcolor" textid="STRID_TEAM_BOARD_TITLE"/>
            <Button class="btn_wnd_close" name="closebtn" margin="10,6,0,0"/>
        </HBox>

        <VBox padding="20,20,20,20">
            <HBox height="80">
                <Label width="75" font="2" normaltextcolor="lightcolor" textid="STRID_TEAM_BOARD_HEADING"/>
                <VBox>
                    <RichEdit class="simple input" name="re_title" width="stretch" height="32" padding="5,5,5,0" font="2"/>
                    <Label name="error_1" margin="0,5,0,0" normaltextcolor="obvious_tip"/>
                </VBox>
            </HBox>

            <HBox height="160">
                <Label width="75" font="2" normaltextcolor="lightcolor" textid="STRID_TEAM_BOARD_CONTENT"/>
                <VBox>
                    <RichEdit class="input" name="re_content" width="stretch" height="125" padding="5,5,5,0" font="2" 
                              multiline="true" rich="true" vscrollbar="true" autovscroll="true"/>
                    <Label name="error_2" margin="0,5,0,0" normaltextcolor="obvious_tip"/>
                </VBox>
            </HBox>

            <Control />
            <Button class="btn_global_green_80x30" name="commit" halign="right" normaltextcolor="white" textid="STRID_TEAM_BOARD_PUBLISH"/>
        </VBox>
    </VBox>
</Window>
