<?xml version="1.0" encoding="utf-8"?>
<Window size="400,450" mininfo="400,450" caption="0,0,0,34">
    <VBox bkcolor="bk_wnd_lightcolor">
        <HBox class="caption">
            <Label class="font_title" name="title" textid="STRID_WND_SELECT_TITLE" width="stretch" valign="center" normaltextcolor="darkcolor"/>
            <Button class="btn_wnd_close" name="closebtn" margin="10,6,0,0"/>
        </HBox>
		<Label name="tip" textid="STRID_WND_SELECT_TIP" font="2" normaltextcolor="darkcolor" margin="20,20,0,0"/>
		<Control normalcolor="splitline_level1" width="stretch" height="1" margin="20,10,20,0" />
		<VListBox class="list" name="wnd_list" vscrollunit="80" bkcolor="white" bordersize="1,0,1,0" bordercolor="splitline_level1" padding="1,1,1,1" width="stretch" height="300" margin="20,0,20,0" >
		</VListBox>
		<Control normalcolor="splitline_level1" width="stretch" height="1" margin="20,0,20,0" />
        <HBox halign="center" width="auto" height="auto" margin="0,20,0,20">
			<Button class="btn_global_green_80x30" name="select" textid="STRING_OK" valign="center" />
			<Button class="btn_global_white_80x30" name="close" textid="STRING_NO" valign="center" margin="10,0,0,0"/>
        </HBox>
    </VBox>
</Window>
