﻿<?xml version="1.0" encoding="UTF-8"?>
<Window size="340,180" caption="0,0,0,34" textid="STRID_ABOUTFORM_TITLE">
    <VBox width="340" height="180" bkcolor="bk_wnd_lightcolor">
        <HBox class="caption">
            <Label class="font_title" name="title" width="stretch" valign="center" normaltextcolor="darkcolor" textid="STRID_ABOUTFORM_TITLE"/>
            <Button class="btn_wnd_close" name="closebtn" margin="10,6,0,0"/>
        </HBox>

        <Box>
            <Control width="104" height="104" halign="center" valign="center" bkimage="logo.png"/>

            <Label name="version" font="2" margin="10,0,0,10" valign="bottom"/>
        </Box>
    </VBox>
</Window>