<?xml version="1.0" encoding="utf-8" standalone="yes" ?>
<Window size="300, 600" caption="0,0,0,34" textid="STRID_BLACK_LIST_TITLE">
    <Class name="TipEdit" value="width=&quot;348&quot; height=&quot;60&quot; font=&quot;20&quot; multiline=&quot;true&quot; vscrollbar=&quot;false&quot; autovscroll=&quot;false&quot; enabled=&quot;false&quot; rich=&quot;false&quot;"/>
	<VBox height="stretch" bkcolor="bk_wnd_lightcolor">
		<HBox class="caption">
			<Label class="font_title" textid="STRID_BLACK_LIST_TITLE" width="auto" valign="center" normaltextcolor="darkcolor"/>
			<Control width="stretch"/>
			<Button class="btn_wnd_min" name="minbtn" margin="0,6,0,0"/>
			<Button class="btn_wnd_close" name="closebtn" margin="2,6,0,0"/>
		</HBox>
		<Label width="stretch" height="28" align="left" textpadding="10,5,0,0" font="1" normaltextcolor="lightcolor" bkcolor="bk_blacklist_tip" textid="STRID_BLACK_LIST_TIP"/>
		<VListBox class="list" name="black_list" width="stretch" vscrollunit="120"/> <!-- 黑名单列表 -->
	</VBox>
</Window>
