<?xml version="1.0" encoding="utf-8"?>
<Window>
    <VListBox class="menu">
        <MenuElement class="OnlineStateMenuElement" name="online" width="130">
            <Control bkimage="icon_online.png" width="auto" height="auto" valign="center"/>
            <Label class="menu_text" textid="STDID_SUBSCRIBE_EVENT_ONLINE" margin="27,0,0,0"/>
        </MenuElement>

        <MenuElement class="OnlineStateMenuElement" name="busy" width="130">
            <Control bkimage="icon_busy.png" width="auto" height="auto" valign="center"/>
            <Label class="menu_text" textid="STDID_SUBSCRIBE_EVENT_BUSY" margin="27,0,0,0"/>
        </MenuElement>
    </VListBox>
</Window>