<?xml version="1.0" encoding="UTF-8"?>
<Window>
    <ListContainerElement class="listitem" height="60">
        <HBox padding="9,0,10,0" mouse="false">
            <Box width="auto" height="auto" valign="center" >
				<ButtonBox name="btn_head" width="38" height="38" margin="1,1" borderround="38,38" mouse="false" bkimage="../public/header/head_team.png"/>
				<Button class="icon_headimage_mask_40x40" name="head_image_mask" mouse="false"/>
            </Box>

            <VBox margin="10,0,10,0" mouse="false">
                <Control mouse="false"/>
                <HBox height="auto" mousechild="false">
                    <Label name="evt_team"/>
                    <Control width="stretch"/>
                    <Label name="evt_time" normaltextcolor="lightcolor"/>
                </HBox>
                <HBox height="auto" mouse="false">
                    <HBox width="stretch" height="auto">
                        <Label name="evt_tip" margin="0,4,0,0" width="stretch" endellipsis="true"/>
                    </HBox>
                    <Button name="btn_ok" valign="center" cursortype="hand" textid="STRING_AGREE"/>
                    <Button name="btn_no" margin="10,0,0,0" valign="center" cursortype="hand" textid="STRING_REFUSE"/>
                    <Label name="result" margin="10,0,0,0" valign="center" visible="false" mouse="false"/>
                </HBox>
                <Control mouse="false"/>
            </VBox>
        </HBox>
        <Control class="splitline_hor_level1" name="split_line" valign="bottom"/>
    </ListContainerElement>
</Window>