<?xml version="1.0" encoding="utf-8" standalone="yes" ?>
<Window>
    <TreeNode class="listitem" height="56" cursortype="hand">
        <HBox mouse="false" mousechild="false">
			<Box valign="center" width="auto" height="auto" margin="8,0,0,0" mouse="false">
				<CheckBox name="btn_add_friend" width="36" height="36" valign="center" margin="2,2,0,0"
					normalimage="../main/btn_add_friend_normal.png"/>
			</Box>
            <Button textid="STRID_MAINWINDOW_ADD_FRIEND" normaltextcolor="darkcolor" font="2" valign="center" margin="10,0,0,0"/>
        </HBox>
        <Control class="splitline_hor_level2" valign="bottom"/>
    </TreeNode>
</Window>