<?xml version="1.0" encoding="UTF-8"?>
<Window caption="0,0,0,34" textid="STRID_MULTISPOT_TITLE">
    <VBox width="350" height="auto" bkcolor="bk_wnd_lightcolor">
        <HBox class="caption">
            <Label class="font_title" name="title" width="stretch" valign="center" normaltextcolor="darkcolor" textid="STRID_MULTISPOT_TITLE"/>
            <Button class="btn_wnd_close" name="closebtn" margin="10,6,0,0"/>
        </HBox>
        <Control bkimage="../main/duoduan01.png" margin="0,30,0,10" halign="center" width="auto" height="auto"/>
		<VListBox class="list" name="dev_list" height="auto" vscrollbar="false" hscrollbar="false" margin="50,0,50,30" bkimage="file='../public/edit/edit0.png' corner='10,10,10,10'"/>
    </VBox>
</Window>