<?xml version="1.0" encoding="UTF-8"?>
<Window caption="0,0,0,160" shadowattached="false" custom_shadow="20,70,20,20" textid="STRID_LOGIN_FORM_LOGIN">
  <Box width="304" height="auto">
    <Box width="130" height="150" margin="0,10,0,0" halign="center">
      <Control width="auto" height="auto" halign="center" valign="center" bkimage="head_shadow.png" mouse="false"/>
    </Box>

    <Box height="auto" margin="0,50,0,0" padding="14,14,14,14" bkimage="file='../public/bk/bk_shadow.png' corner='30,30,30,30'">
      <VBox height="auto" bkcolor="bk_wnd_logincolor" borderround="3,3,3,3">
        <VBox height="auto">
          <HBox height="20" margin="0,6,5,40">
            <Control />
            <Button class="btn_wnd_min" name="minbtn" margin="4,0,4,0"/>
            <Button class="btn_wnd_close" name="closebtn"/>
          </HBox>
          <HBox height="auto">
            <Control />
			<Button name="scanqrcode_login" margin="0,5,15,0" halign="right" textid="STRID_LOGIN_FORM_SCAN_QRCODE_LOGIN" cursortype="hand" font="24" normaltextcolor="link_green"/>
            <Button name="enter_login" margin="0,5,15,0" halign="right" textid="STRID_LOGIN_FORM_LOGIN_DIRECTLY" cursortype="hand" font="24" normaltextcolor="link_green" visible="false"/>
          </HBox>
          <!--帐号和密码-->
          <VBox name="enter_panel" width="240" height="auto" margin="20,10,20,0" bkimage="user_password.png">
            <HBox height="41" padding="14,1,10,0">
              <Control name="usericon" width="16" height="16" valign="center" normalimage="user_1.png" disabledimage="user_2.png"/>
              <RichEdit class="simple prompt" name="username" width="stretch" height="auto" margin="10,0,10,0" valign="center" font="2" prompttextid="STRID_LOGIN_FORM_ACCOUNT"/>
            </HBox>
            <HBox name="nick_name_panel" height="40" padding="14,1,0,0" visible="false" margin="0,0,0,0">
              <Control name="nick_name_icon" width="16" height="16" valign="center" normalimage="nickname.png" disabledimage="nickname.png"/>
              <RichEdit class="simple prompt" name="nickname" width="stretch" height="auto" margin="10,0,10,0" valign="center" font="2" prompttextid="STRID_LOGIN_FORM_NICKNAME"/>
            </HBox>
            <HBox height="41" padding="14,0,10,1" margin="0,2,0,0">
              <Control name="passwordicon" width="16" height="16" valign="center" normalimage="password_1.png" disabledimage="password_2.png"/>
              <RichEdit class="simple prompt" name="password" width="stretch" height="auto" margin="10,0,10,0" valign="center" font="2" password="true" prompttextid="STRID_LOGIN_FORM_PASSWORD"/>
            </HBox>
          </VBox>
        </VBox>

		 <VBox name="scanqrcode_login_panel" width="240" height="auto" margin="20,10,20,0" visible="false">
			 <Control margin="10,20,20,20" width="180" height="180" halign="center" valign="center" bkimage="qrcode.png"/>
        </VBox>

        <!--记住密码-->
        <HBox name="login_cache_conf" height="auto" margin="29,20,29,0">
          <CheckBox class="checkbox_font12" name="chkbox_remember_username" textid="STRID_LOGIN_REMEMBER_ME" normaltextcolor="dark2color">
            <Event type="unselect" receiver="chkbox_remember_pwd" applyattribute="selected=&quot;false&quot;"/>
          </CheckBox>
          <!--Control /-->
          <CheckBox class="checkbox_font12" name="chkbox_remember_pwd" textid="STRID_LOGIN_REMEMBER_PWD" normaltextcolor="dark2color" margin="11,0,0,0">
            <Event type="select" receiver="chkbox_remember_username" applyattribute="selected=&quot;true&quot;"/>
            <Event type="unselect" receiver="chkbox_remember_username" applyattribute="selected=&quot;false&quot;"/>
          </CheckBox>
          <Control />
        </HBox>

        <!--登录提示-->
        <Label name="login_ing_tip" margin="20,20,20,0" font="1" textid="STRID_LOGIN_FORM_LOGINING" visible="false"/>
        <Label name="login_error_tip" margin="20,20,20,0" font="1" normaltextcolor="obvious_tip" visible="false" />

        <!--登录和取消按钮-->
        <Box width="240" height="40" margin="20,20,20,10"name="btn_panel" >
          <Button name="btn_login" width="240" height="40" font="8" normaltextcolor="white" textid="STRID_LOGIN_FORM_LOGIN"
                  normalimage="login0.png" hotimage="login1.png" pushedimage="login2.png" disabledimage="login3.png"/>
          <Button name="btn_register" width="240" height="40" font="8" normaltextcolor="white" textid="STRID_LOGIN_FORM_REGISTER"
                  normalimage="login0.png" hotimage="login1.png" pushedimage="login2.png" disabledimage="login3.png" visible="false"/>
          <Button name="btn_cancel" width="240" height="40" font="8" normaltextcolor="darkcolor" textid="STRID_LOGIN_FORM_CANCEL_LOGIN" visible="false"
                  normalimage="file='cancel0.png' corner='10,10,10,10'" hotimage="file='cancel1.png' corner='10,10,10,10'"
                  pushedimage="file='cancel2.png' corner='10,10,10,10'" disabledimage="file='cancel0.png' corner='10,10,10,10' fade='128'"/>
        </Box>
        <VBox margin="20,5,20,20" height="auto">
         
        </VBox> 
      </VBox>
    </Box>

    <!--头像-->
    <Box margin="0,10,0,0" mouse="false" width="130" height="150" halign="center">
      <Control width="104" height="104" halign="center" valign="center" bkimage="logo.png"/>
      <Button name="headicon" width="106" height="106" borderround="106,106,106,106" halign="center" valign="center" mouse="false" fadealpha="true"/>
      <Control width="auto" height="auto" bkimage="mask.png" halign="center" valign="center" mouse="false"/>
    </Box>
  </Box>
</Window>
