<?xml version="1.0" encoding="UTF-8"?>
<Window size="500,600" mininfo="500,600" caption="0,0,0,34" sizebox="4,4,4,4">
    <VBox bkcolor="bk_wnd_lightcolor">
        <HBox class="caption">
            <Label class="font_title" name="title" width="stretch" valign="center" normaltextcolor="darkcolor" textid="STRID_MSG_RECORD_TITLE"/>
            <Button class="btn_wnd_min" name="minbtn" margin="10,6,0,0"/>
            <Button class="btn_wnd_max" name="btn_max_restore" margin="10,6,0,0"/>
            <Button class="btn_wnd_close" name="closebtn" margin="10,6,0,0"/>
        </HBox>
        <VListBox name="msg_list" padding="10,10,10,20" childmargin="10" vscrollbar="true" hscrollbar="false" vscrollunit="150"/>
    </VBox>
</Window>