<?xml version="1.0" encoding="utf-8"?>
<Window>
    <ListContainerElement class="listitem" height="50">
        <HBox padding="10,0,10,0" childmargin="5" mouse="false">
            <Box width="40" height="40" valign="center" mouse="false">
                <Button name="member_icon" width="38" height="38" borderround="38,38,38,38" margin="1,1,0,0" cursortype="hand"/>
                <Button class="icon_headimage_mask_40x40" mouse="false"/>
				<Control name="icon_mute" width="16" height="16" halign="left" valign="bottom" visible="false" mouse="false"/>
                <Control name="icon_admin" width="16" height="16" halign="right" valign="bottom" visible="false" mouse="false"/>
            </Box>
            <Label name="member_name" width="stretch" valign="center" font="2" mouse="false"/>
        </HBox>
        <Control class="splitline_hor_level1" float="true" valign="bottom"/>
    </ListContainerElement>
</Window>
