<?xml version="1.0" encoding="UTF-8"?>
<Window>
    <ButtonBox name="msg_video" width="auto" height="auto" minwidth="94" minheight="67" cursortype="hand" menu="true" mousechild="false" bkimage="file='../session/bubble_left.png' corner='25,15,15,15'">
        <Control mouse="false" name="image" width="82" height="58" margin="11,5,5,5" halign="center" valign="center" bkimage="../session/image_video_default.png" />
		<Control mouse="false" width="auto" height="auto" margin="11,5,5,5" halign="center" valign="center" bkimage="../session/play_hovered.png"/>
		<Box name="prog_download_panel" mouse="false" width="stretch" height="stretch" margin="11,5,5,5" padding="2,2,2,2" halign="center" valign="center" visible="false" bkcolor="bk_video_download" >
			<Control mouse="false" width="auto" height="auto" halign="center" valign="center" bkimage="../session/video_loading.gif" />
			<Label name="prog_download" width="auto" valign="center" halign="center" font="1" normaltextcolor="darkcolor" mouse="false"/>
		</Box>
		<Control mouse="false" width="stretch" height="stretch" margin="11,5,5,5" bkimage="file='../session/image_img_foreimage_left.png' corner='20,20,20,20'"/>
	</ButtonBox>
</Window>
