<?xml version="1.0" encoding="UTF-8"?>
<Window caption="0,0,0,34">
    <VBox bkcolor="bk_wnd_lightcolor" width="460" height="auto">
        <HBox class="caption">
            <Label class="font_title" name="title" width="stretch" valign="center" 
                   normaltextcolor="darkcolor" textid="STRID_MEMBER_MANAGE_TITLE"/>				   
            <Button class="btn_wnd_min" name="minbtn" margin="4,6,0,0"/>
            <Button class="btn_wnd_close" name="closebtn" margin="4,6,0,0"/>
        </HBox>

        <HBox name="team_member_item" width="auto" height="64" margin="0,5,0,5">
            <Box width="56" height="auto">
                <Box width="auto" height="auto" margin="8,8,0,8">
                    <Button name="head_image" width="46" height="46" margin="1,1,1,1" borderround="46,46,46,46" mouse="false"/>
                    <Button class="icon_headimage_mask_48x48" mouse="false"/>
                </Box>
            </Box>
            <VBox padding="8,0,0,0" height="auto" width="auto" valign="center" mouse="false" mousechild="false">
                <Label name="show_name" font="2" normaltextcolor="darkcolor" width="auto" margin="0,0,8,0" mouse="false"/>
            </VBox>
        </HBox>

        <HBox height="55">
            <Label textid="STRID_MEMBER_MANAGE_TEAM_NAMECARD" font="3" margin="10,15,20,0"/>
            <RichEdit class="simple prompt" name="team_card" margin="0,15,0,0" font="2" prompttextid="STRID_MEMBER_MANAGE_INPUT_NAMECARD"/>
        </HBox>
        
        <HBox name="privilege_panel" height="55">
            <Label textid="STRID_MEMBER_MANAGE_STATUS" font="3" margin="10,15,20,0"/>
            <Option class="circle_option_2" group="identity" name="owner" textid="STRID_MEMBER_MANAGE_TRANSFER_OWNER" margin="0,15,0,0"/>
            <Option class="circle_option_2" group="identity" name="manager" textid="STRID_MEMBER_MANAGE_ADMIN" margin="0,15,0,0"/>
            <Option class="circle_option_2" group="identity" name="member" textid="STRID_MEMBER_MANAGE_MEMBER" margin="10,15,0,0"/>
        </HBox>
        
        <Control class="splitline_hor_level1"/>

        <HBox bkcolor="bk_wnd_darkcolor" height="50">
            <Control />
            <Button class="btn_global_white_80x30" name="cancel" valign="center" textid="STRING_NO"/>
            <Control width="10"/>
            <Button class="btn_global_green_80x30" name="confirm" valign="center" textid="STRING_OK"/>
            <Control width="10"/>
        </HBox>
    </VBox>
    
</Window>
