<?xml version="1.0" encoding="UTF-8"?>
<Window size="380,180" caption="0,0,0,34" textid="STRID_TEAM_NOTIFY_TITLE">
    <VBox bkcolor="bk_wnd_lightcolor">
        <HBox class="caption">
            <Label class="font_title" width="stretch" valign="center" normaltextcolor="darkcolor" textid="STRID_TEAM_NOTIFY_TITLE"/>				   
            <Button class="btn_wnd_close" name="closebtn" margin="4,6,0,0"/>
        </HBox>
        <Box padding="20,20,20,20">
            <VBox name="page_ask_join" visible="false">
                <RichEdit name="re_ask_join" width="stretch" height="70" rich="true" multiline="true" vscrollbar="false" readonly="true" font="3"/>
                <Control />
                <HBox childmargin="10" height="auto">
                    <Control />
                    <Button class="btn_global_green_80x30" name="btn_ask_no" normaltextcolor="white" textid="STRING_REFUSE"/>
                    <Button class="btn_global_green_80x30" name="btn_ask_yes" normaltextcolor="white" textid="STRING_AGREE"/>
                </HBox>
            </VBox>
            <VBox name="page_invite" visible="false">
                <RichEdit name="re_invite" width="stretch" height="35" rich="true" multiline="true" vscrollbar="false" readonly="true" font="3"/>
				<HBox margin="10,0,0,0" height="auto">
					<Label text="postscript : " valign="center" />
					<RichEdit name="re_invite_postscript" width="stretch" height="15" rich="false" multiline="false" vscrollbar="false" readonly="true" font="1"/>
				</HBox>
				<HBox margin="10,3,0,2" height="auto">
					<Label text="attachment : " valign="center" />
					<RichEdit name="re_invite_attachment" width="stretch" height="15" rich="false" multiline="false" vscrollbar="false" readonly="true" font="1"/>
				</HBox>				
                <Control />
                <HBox childmargin="10" height="auto">
                    <Control />
                    <Button class="btn_global_white_80x30" name="btn_ignore" normaltextcolor="darkcolor" textid="STRING_IGNORE"/>
                    <Button class="btn_global_green_80x30" name="btn_reject" normaltextcolor="white" textid="STRING_REFUSE"/>
                    <Button class="btn_global_green_80x30" name="btn_accept" normaltextcolor="white" textid="STRING_AGREE"/>
                </HBox>
            </VBox>
            <VBox name="page_reject" visible="false">
                <RichEdit name="re_reject" width="stretch" height="70" rich="true" multiline="true" vscrollbar="false" readonly="true" font="3"/>
                <Control />
                <Button class="btn_global_green_80x30" name="btn_ok" halign="right" normaltextcolor="white" textid="STRING_OK"/>
            </VBox>
        </Box>
    </VBox>
</Window>
