<?xml version="1.0" encoding="UTF-8"?>
<Window caption="0,0,0,34" >
  <VBox bkcolor="bk_wnd_lightcolor" width="auto" height="auto">
    <HBox class="caption">
      <Label class="font_title" name="title" width="stretch" valign="center"
             normaltextcolor="darkcolor" textid="STRID_TEAM_INFO_CREATE_TEAM"/>
      <Button class="btn_wnd_min" name="minbtn" margin="4,6,0,0"/>
      <Button class="btn_wnd_close" name="closebtn" margin="4,6,0,0"/>
    </HBox>
    <Box name="container" width="auto" height="auto" bkcolor="bk_wnd_lightcolor" />
  </VBox>
</Window>
