<?xml version="1.0" encoding="UTF-8"?>
<Window size="380,180" caption="0,0,0,34" textid="STRID_TEAM_SEARCH_TITLE">
    <VBox bkcolor="bk_wnd_lightcolor">
        <HBox class="caption">
            <Label class="font_title" width="stretch" valign="center" normaltextcolor="darkcolor" textid="STRID_TEAM_SEARCH_TITLE"/>				   
            <Button class="btn_wnd_close" name="closebtn" margin="4,6,0,0"/>
        </HBox>
        <Box padding="20,20,20,10">
            <VBox name="page_search" visible="false">
                <RichEdit class="simple prompt input" name="re_tid" width="stretch" height="32" margin="0,15,0,5" padding="5,5,5,0" font="2" prompttextid="STRID_TEAM_SEARCH_INPUT_PROMPT"/>
                <Label name="error_tip" normaltextcolor="obvious_tip" visible="false"/>
                <Control />
                <Button class="btn_global_green_80x30" name="btn_search" halign="right" normaltextcolor="white" textid="STRING_SEARCH"/>
            </VBox>
            
            <VBox name="page_apply" visible="false">
                <HBox height="48">
                    <Box width="48" height="48" mousechild="false">
                        <Button name="team_icon" width="46" height="46" borderround="46,46,46,46" margin="1,1,1,1"/>
                        <Button class="icon_headimage_mask_48x48" name="head_image_mask" bkimage="../public/headmask/icon_headimage_mask_48x48_selected.png"/>
                    </Box>
                    <VBox margin="5,0,0,0" childmargin="5">
                        <Label name="team_name" width="stretch" margin="0,5,10,0" font="2"/>
                        <Label name="team_id" normaltextcolor="lightcolor"/>
                    </VBox>
                </HBox>
                <Label name="label_group" margin="0,5,0,0" normaltextcolor="obvious_tip" textid="STRID_TEAM_SEARCH_TEMPORARY_TEAM_TIP" visible="false"/>
                <Control />
                <HBox height="auto">
                    <Control />
                    <Button class="btn_global_white_80x30" name="btn_return_search" textid="STRID_TEAM_SEARCH_RETURN_SEARCH"/>
                    <Control width="10"/>
                    <Button class="btn_global_green_80x30" name="btn_apply" normaltextcolor="white" textid="STRID_TEAM_SEARCH_JOIN"/>
                </HBox>
            </VBox>
            
            <VBox name="page_apply_ok" visible="false">
                <RichEdit name="re_apply" width="stretch" height="80" rich="true" multiline="true" vscrollbar="false" readonly="true" font="3"/>
                <Control />
                <Button class="btn_global_green_80x30" name="btn_apply_ok" halign="right" normaltextcolor="white" textid="STRING_COMPLETE"/>
            </VBox>
        </Box>
    </VBox>
</Window>
