<?xml version="1.0" encoding="UTF-8"?>
<Window caption="0,0,0,34" >
  <VBox width="555" height="auto" valign="center" halign="center">
    <TileListBox name="user_list" vscrollbar="true" vscrollunit="75" columns="3" height="250"/>
    <Control class="splitline_hor_level1"/>

    <VListBox name="info_list" height="auto" maxheight="250" vscrollbar="true" vscrollunit="75">
      <VBox name="team_owner_section" height="auto" >
        <HBox name="team_info_icon" width="auto" height="54">
          <VBox padding="0,0,0,0" width="auto" height="auto" valign="center" mouse="false" mousechild="false">
            <Label textid="STRID_TEAM_INFO_TEAM_HEAD" width="auto" font="3" margin="10,0,0,0" />
          </VBox>
          <Box width="56" height="auto" margin="10,8,0,8">
            <Button name="head_image" width="46" height="46" margin="1,1,1,1" borderround="46,46,46,46" cursortype="hand"/>
            <Button class="icon_headimage_mask_48x48" mouse="false"/>
          </Box>
        </HBox>
        <HBox height="40" name="team_id_panel">
          <Label name="team_id_label" textid="STRID_TEAM_INFO_TEAM_ID" font="3" margin="10,10,0,0"/>
          <RichEdit class="simple prompt" name="team_id" width="200" height="auto" margin="8,0,10,0" valign="center" font="2" enabled="false"/>
        </HBox>
        <HBox height="40" name="team_name_panel">
          <Label name="team_name_label" textid="STRID_TEAM_INFO_TEAM_NAME" font="3" margin="10,10,0,0"/>
          <RichEdit class="simple prompt" name="team_name" width="300" height="auto" margin="8,0,10,0" valign="center" font="2" prompttextid="STRID_TEAM_INFO_INPUT_TEAM_NAME"/>
        </HBox>

        <VBox name="team_info_fields" height="auto" >
          <HBox height="40" name="team_info_panel">
            <Label textid="STRID_TEAM_INFO_TEAM_INTRODUCTION" font="3" margin="10,10,0,0"/>
            <RichEdit class="simple prompt" name="team_intro" width="200" height="auto" margin="8,0,10,0" valign="center" font="2" prompttextid="STRID_TEAM_INFO_INPUT_TEAM_INTRODUCTION"/>
          </HBox>

          <HBox height="40">
            <Label textid="STRID_TEAM_INFO_ENTER_TEAM_VERIFY" font="3" margin="10,10,20,0"/>
            <Option class="circle_option_2" group="join_mode" name="join_mode_any" textid="STRID_TEAM_INFO_ALLOW_ANYBODY" margin="0,12,10,0"/>
            <Option class="circle_option_2" group="join_mode" name="join_mode_verify" textid="STRID_TEAM_INFO_NEED_VERIFY" margin="0,12,10,0"/>
            <Option class="circle_option_2" group="join_mode" name="join_mode_nobody" textid="STRID_TEAM_INFO_FORBID_EVERYBODY" margin="0,12,0,0"/>
          </HBox>

          <HBox height="40">
            <Label textid="STRID_TEAM_INFO_IF_NEED_ACCEPT" font="3" margin="10,10,20,0"/>
            <Option class="circle_option_2" group="be_invite_mode" name="be_invite_mode_agree" textid="STRID_TEAM_INFO_NEED" margin="0,12,10,0"/>
            <Option class="circle_option_2" group="be_invite_mode" name="be_invite_mode_no_need_agree" textid="STRID_TEAM_INFO_DONT_NEED" margin="0,12,0,0"/>
          </HBox>

          <HBox height="40">
            <Label textid="STRID_TEAM_INFO_INVITE_AUTHORITY" font="3" margin="10,10,20,0"/>
            <Option class="circle_option_2" group="invite_mode" name="invite_mode_manager" textid="STRID_TEAM_INFO_ADMIN" margin="0,12,10,0"/>
            <Option class="circle_option_2" group="invite_mode" name="invite_mode_any" textid="STRID_TEAM_INFO_EVERYBODY" margin="0,12,0,0"/>
          </HBox>

          <HBox height="40">
            <Label textid="STRID_TEAM_INFO_MODIFY_AUTHORITY" font="3" margin="10,10,20,0"/>
            <Option class="circle_option_2" group="up_tinfo_mode" name="up_tinfo_mode_manager" textid="STRID_TEAM_INFO_ADMIN" margin="0,12,10,0"/>
            <Option class="circle_option_2" group="up_tinfo_mode" name="up_tinfo_mode_any" textid="STRID_TEAM_INFO_EVERYBODY" margin="0,12,0,0"/>
          </HBox>

          <HBox height="40">
            <Label textid="STRID_TEAM_INFO_CUSTOM_ATTRIBS_MODIFY_AUTHORITY" font="3" margin="10,10,20,0"/>
            <Option class="circle_option_2" group="up_custom_mode" name="up_custom_mode_manager" textid="STRID_TEAM_INFO_ADMIN" margin="0,12,10,0"/>
            <Option class="circle_option_2" group="up_custom_mode" name="up_custom_mode_any" textid="STRID_TEAM_INFO_EVERYBODY" margin="0,12,0,0"/>
          </HBox>

          <HBox height="40" name="team_mute_fields">
            <Label textid="STRID_TEAM_INFO_MUTE_GROUP" font="3" margin="10,10,20,0"/>
            <Option class="circle_option_2" group="mute_mode" name="mute_mode_allow_any" textid="STRID_TEAM_INFO_MUTE_OFF" margin="0,12,10,0"/>
            <Option class="circle_option_2" group="mute_mode" name="mute_mode_allow_manager" textid="STRID_TEAM_INFO_MUTE_ONLY_ADMIN" margin="0,12,0,0"/>
          </HBox>
        </VBox>
      </VBox>

      <HBox height="40" name="team_notify_fields">
        <Label textid="STRID_TEAM_INFO_MSG_NOTIFY" font="3" margin="10,10,20,0"/>
        <Option class="circle_option_2" group="notify_mode" name="notify_mode_on" textid="STRID_TEAM_INFO_NOTIFY_MSG" margin="0,12,10,0" enabled="false"/>
        <Option class="circle_option_2" group="notify_mode" name="notify_mode_admin" textid="STRID_TEAM_INFO_NOTIFY_ADMIN" margin="0,12,0,0" enabled="false"/>
        <Option class="circle_option_2" group="notify_mode" name="notify_mode_off" textid="STRID_TEAM_INFO_NOTIFY_MUTE" margin="0,12,10,0" enabled="false"/>
        <!--CheckBox class="checkbox_font14" name="msg_mode_notify" textid="STRID_TEAM_INFO_NOTIFY_MSG" margin="0,12,0,0" enabled="false" /-->
      </HBox>
    </VListBox>

    <Control class="splitline_hor_level1" margin="0,10,0,10"/>

    <HBox name="option_bar" height="50" bkcolor="bk_wnd_darkcolor" margin="0,0,0,0" halign="center">
      <Control />
      <Button class="btn_global_white_80x30" name="cancel" valign="center" textid="STRING_NO"/>
      <Control width="10"/>
      <Button class="btn_global_green_80x30" name="confirm" valign="center" textid="STRING_OK"/>
      <Control width="10"/>
      <Button class="btn_global_green_80x30" name="quit" valign="center" textid="STRID_TEAM_INFO_QUIT_TEAM"/>
      <Control width="10"/>
      <Button class="btn_global_green_80x30" name="dismiss" valign="center" textid="STRID_TEAM_INFO_DISSOLVE_TEAM"/>
      <Control />
    </HBox>
  </VBox>

</Window>
