<?xml version="1.0" encoding="UTF-8"?>
<Window size="320,140" caption="0,0,0,34">
    <VBox bkcolor="bk_wnd_lightcolor">
        <HBox class="caption">
            <Label class="font_title" width="stretch" valign="center" normaltextcolor="darkcolor" textid="STRID_ASYNC_FORM_NIM_TIP"/>
        </HBox>
        <Box>
			<HBox width="stretch" margin="0,0,10,0" height="32"> 
					<Progress class="progress_blue" name="progress" value="0" margin="10"/>
			</HBox>
            <HBox width="stretch" height="auto" valign="center"> 
                <Control width="auto" height="auto" margin="20,5,10,0" bkimage="../public/animation/ani_loading.gif"/>
                <Label name="message" width="250" singleline="true" linelimit="true" font="4" textid="STRID_ASYNC_FORM_ASYNCING"/>
            </HBox>
        </Box>
    </VBox>
</Window>