<?xml version="1.0" encoding="utf-8"?>
<Window size="1020,624" mininfo="1020,624" caption="0,0,0,42" sizebox="4,4,4,4" textid="STRID_CHATROOM_TITLE">
    <VBox bkcolor="bk_listitem_selected">
        <HBox class="caption" height="42">
            <Box width="29" height="29" mouse="false" valign="center">
                <Control name="header_icon" width="27" height="27" borderround="27,27" margin="1,1,1,1" mouse="false"/>
                <Control width="29" height="29" bkimage="mask_25x25.png" mouse="false"/>
            </Box>
            <Label name="name" font="1" normaltextcolor="dark2color" valign="center" margin="6"/>
            <Button class="btn_global_white_80x30" name="logout" width="40" height="20" font="2" textid="STRID_MAINWINDOW_MENU_LOGOUT"  visible="false" valign="center" margin="10,0,0,0"/>            
            <Control width="stretch"/>

            <Control width="auto" height="auto" bkimage="btn_create_room.png" valign="center"/>
            <TabBox width="auto" height="auto" valign="center" margin="8,0,15,0">
                <Button name="create_room" textid="STRID_CHATROOM_I_WANT_HOST" font="1" normaltextcolor="lightcolor" />
                <Button name="my_rooms" textid="STRID_CHATROOM_MY_CHATROOM" font="1" normaltextcolor="lightcolor" />
            </TabBox>
            <HBox width="auto" height="auto" valign="top" margin="0,6">
                <Button class="btn_wnd_min" name="minbtn" margin="4,6,0,0"/>
                <Box width="21" margin="4,6,0,0">
                    <Button class="btn_wnd_max" name="maxbtn"/>
                    <Button class="btn_wnd_restore" name="restorebtn" visible="false"/>
                </Box>
                <Button class="btn_wnd_close" name="closebtn" margin="4,6,0,0"/>
            </HBox>
        </HBox>
        
		<Box width="stretch" height="stretch">
        <HBox width="stretch" height="stretch" margin="12,12,12,12">
            <VBox width="stretch" height="stretch" bkcolor="bk_wnd_lightcolor">
                <HBox width="stretch" height="94">
                    <Box width="60" height="60" mouse="false" valign="center" margin="10">
                        <Control name="host_image" width="58" height="58" borderround="58,58" bkimage="host_image.png" margin="1,1,1,1" mouse="false"/>
                        <Control width="60" height="60" bkimage="mask_56x56.png" mouse="false"/>
                    </Box>
                    <VBox width="auto" height="auto" valign="center" margin="10">
                        <Label name="room_name" font="4" normaltextcolor="dark2color"/>
                        <HBox width="auto" height="auto" margin="0,4">
                            <Label name="host_name" textid="STRID_CHATROOM_HOST_" font="2" normaltextcolor="dark2color"/>
                            <Label name="online_num" textid="STRID_CHATROOM_ONLINE_NUM" font="2" normaltextcolor="dark2color" margin="20"/>
                        </HBox>
                    </VBox>
                    
                    <Control width="stretch"/>
                    
                    <Button name="close_cast" width="76" height="34" valign="center" margin="0,0,14,0" bkimage="close_cast_btn_bk.png" textid="STRID_CHATROOM_CLOSE_CHATROOM" font="1" normaltextcolor="close_cast"/>
                </HBox>
                <Box width="stretch" height="stretch">
                    <Control width="stretch" height="stretch" bkimage="cast_shot.png"/>
                </Box>
                <HBox width="stretch" height="45">
                    <Control width="stretch"/>
                    <Button width="auto" height="20" valign="center" margin="0,0,14,0" font="1" normaltextcolor="white" textid="STRID_CHATROOM_SMOOTH" textpadding="2,0,2,0"
                            normalimage="file='round_btn_normal.png' corner='9,0,9,0'" hotimage="file='round_btn_hovered.png' corner='9,0,9,0'" pushedimage="file='round_btn_normal.png' corner='9,0,9,0'"/>
                </HBox>
            </VBox>
            <VBox width="246" height="stretch" margin="4" bkcolor="bk_wnd_lightcolor">
                <Label width="stretch" height="26" textid="STRID_CHATROOM_BOARD" align="vcenter" font="2" normaltextcolor="darkcolor"/>
                
                <Control normalcolor="bk_listitem_selected" width="stretch" height="1"/>
                
				<RichEdit name="bulletin" width="246" height="60" font="1" padding="6,2,6,2" rich="false" vscrollbar="true" autovscroll="true" normaltextcolor="dark2color" bkimage="file='icon_nobulletin.png' dest='99,8,148,52'" readonly="true" />

                <Control normalcolor="bk_listitem_selected" width="stretch" height="1"/>
                
                <HBox width="stretch" height="37">
                    <Option name="option_intercommunicate" width="stretch" height="stretch" cursortype="hand" group="option_list_group" selected="true"
                               textid="STRID_CHATROOM_INTERACTION" font="2" align="vcenter" textpadding="0,0,0,2" normaltextcolor="darkcolor" selectedtextcolor="tab_text_selected"
                               normalimage="bk_tab_unselected.png" selectednormalimage="file='bk_tab_selected.png' corner='0,0,0,2'"/>
                    <Option name="option_online_members" width="stretch" height="stretch" cursortype="hand" group="option_list_group"
                               textid="STRID_CHATROOM_ONLINE_MEMBER" font="2" align="vcenter" textpadding="0,0,0,2" normaltextcolor="darkcolor" selectedtextcolor="tab_text_selected" normalimage="bk_tab_unselected.png" selectednormalimage="file='bk_tab_selected.png' corner='0,0,0,2'"/>
                </HBox>

                <Control normalcolor="bk_listitem_selected" width="stretch" height="1"/>
                
                <TabBox name="list_tab" width="stretch" height="stretch" margin="1,0,1,0">
					<CefControl name="intercommunicate_list" bkcolor="white"/>
                    <!--RichEdit name="intercommunicate_list" width="stretch" rich="true" multiline="true" readonly="true" vscrollbar="true" autovscroll="true" font="1" /-->
                    <Box>
                    	<VBox>
	                    	<VirtualListBox class="list" name="online_members_virtual_list" vscrollunit="80"/>
	                    </VBox>
                    	<Box name="empty_members_list">
                    		<Control halign="center" valign="center" width="auto" height="auto" bkimage="icon_nodata.png" />
                    	</Box>
                    </Box>
                    
                </TabBox>
                
                <Control normalcolor="bk_listitem_selected" width="stretch" height="1"/>
                
                <RichEdit name="input_edit" width="stretch" height="54" prompttextid="STRID_CHATROOM_ENJOY_CHAT" promptcolor="gray" font="1" padding="6,2,6,2" rich="true" multiline="true" wantreturnmsg="true" vscrollbar="true" autovscroll="true"/>
                
                <HBox width="stretch" height="auto" margin="10,0,10,10">
                    <Control width="stretch"/>
                    
                    <CheckBox name="btn_face" width="30" height="30" valign="center" margin="0" tooltiptextid="STRID_CHATROOM_EMOTICON"
                                  forenormalimage="file='btn_face.png' dest='5,5,25,25'" foredisabledimage="file='btn_face.png' dest='5,5,25,25' fade='80'"
                                  hotimage="icon_hover.png" pushedimage="icon_pushed.png" selectednormalimage="icon_pushed.png"
                                  selectedforenormalimage="file='btn_face.png' dest='5,5,25,25'" selectedforedisabledimage="file='btn_face.png' dest='5,5,25,25' fade='80'"/>

                    <Button name="btn_jsb" width="30" height="30" valign="center" margin="7,0,12,0" tooltiptextid="STRID_CHATROOM_JSB"
                                forenormalimage="btn_jsb.png" foredisabledimage="file='btn_jsb.png' fade='80'"
                                hotimage="icon_hover.png" pushedimage="icon_pushed.png"/>
                    
                    <Button class="btn_global_green_80x30" name="send" textid="STRING_SEND" textpadding="4,0,4,0"/>
                </HBox>
            </VBox>
        </HBox>
		<Box name="kicked_tip_box" width="stretch" height="stretch" bkimage="front_page_mask.png" visible="false" fadealpha="true">
			<VBox width="auto" height="auto" halign="center" valign="center" padding="60,40,60,40" bkcolor="exit_tip_bk">
				<Label name="kick_tip" halign="center" font="2" normaltextcolor="darkcolor"/>
				<Label name="room_name" halign="center" font="2" normaltextcolor="exit_room_name_color" textpadding="0,12,0,0"/>
			</VBox>
		</Box>	
		<VBox name="loading_tip" width="stretch" height="stretch" halign="center" valign="top" bkimage="front_page_mask.png" visible="true">
			<Control width="auto" height="auto" halign="center" valign="center" margin="0,150,0,0" bkimage="../public/animation/ani_loading.gif"/>
			<Label width="auto" height="auto" halign="center" valign="center" margin="0,10,0,0" textid="STRID_CHATROOM_ROOM_LOADING" normaltextcolor="white" font="3" margin="0,8"/>
		</VBox>
		</Box>
	</VBox>
</Window>
