<?xml version="1.0" encoding="utf-8"?>
<PopoEmoticons>
    <Catalog Title="default">
        <Emoticon ID="_yixin_emoticon_emoji_01_" Tag="[可爱]" Tip="可爱" File="emoji_01.png" />
        <Emoticon ID="_yixin_emoticon_emoji_0_" Tag="[大笑]" Tip="大笑" File="emoji_00.png" />
        <Emoticon ID="_yixin_emoticon_emoji_02_" Tag="[色]" Tip="色" File="emoji_02.png" />
        <Emoticon ID="_yixin_emoticon_emoji_03_" Tag="[嘘]" Tip="嘘" File="emoji_03.png" />
        <Emoticon ID="_yixin_emoticon_emoji_04_" Tag="[亲]" Tip="亲" File="emoji_04.png" />
        <Emoticon ID="_yixin_emoticon_emoji_05_" Tag="[呆]" Tip="呆" File="emoji_05.png" />
        <Emoticon ID="_yixin_emoticon_emoji_06_" Tag="[口水]" Tip="口水" File="emoji_06.png" />
        <Emoticon ID="_yixin_emoticon_emoji_145_" Tag="[汗]" Tip="汗" File="emoji_145.png" />
        <Emoticon ID="_yixin_emoticon_emoji_07_" Tag="[呲牙]" Tip="呲牙" File="emoji_07.png" />
        <Emoticon ID="_yixin_emoticon_emoji_08_" Tag="[鬼脸]" Tip="鬼脸" File="emoji_08.png" />
        <Emoticon ID="_yixin_emoticon_emoji_09_" Tag="[害羞]" Tip="害羞" File="emoji_09.png" />
        <Emoticon ID="_yixin_emoticon_emoji_10_" Tag="[偷笑]" Tip="偷笑" File="emoji_10.png" />
        <Emoticon ID="_yixin_emoticon_emoji_11_" Tag="[调皮]" Tip="调皮" File="emoji_11.png" />
        <Emoticon ID="_yixin_emoticon_emoji_12_" Tag="[可怜]" Tip="可怜" File="emoji_12.png" />
        <Emoticon ID="_yixin_emoticon_emoji_13" Tag="[敲]" Tip="敲" File="emoji_13.png" />
        <Emoticon ID="_yixin_emoticon_emoji_14_" Tag="[惊讶]" Tip="惊讶" File="emoji_14.png" />
        <Emoticon ID="_yixin_emoticon_emoji_15_" Tag="[流感]" Tip="流感" File="emoji_15.png" />
        <Emoticon ID="_yixin_emoticon_emoji_16_" Tag="[委屈]" Tip="委屈" File="emoji_16.png" />
        <Emoticon ID="_yixin_emoticon_emoji_17_" Tag="[流泪]" Tip="流泪" File="emoji_17.png" />
        <Emoticon ID="_yixin_emoticon_emoji_18_" Tag="[嚎哭]" Tip="嚎哭" File="emoji_18.png" />
        <Emoticon ID="_yixin_emoticon_emoji_19_" Tag="[惊恐]" Tip="惊恐" File="emoji_19.png" />
        <Emoticon ID="_yixin_emoticon_emoji_20_" Tag="[怒]" Tip="怒" File="emoji_20.png" />
        <Emoticon ID="_yixin_emoticon_emoji_21_" Tag="[酷]" Tip="酷" File="emoji_21.png" />
        <Emoticon ID="_yixin_emoticon_emoji_22_" Tag="[不说]" Tip="不说" File="emoji_22.png" />
        <Emoticon ID="_yixin_emoticon_emoji_23_" Tag="[鄙视]" Tip="鄙视" File="emoji_23.png" />
        <Emoticon ID="_yixin_emoticon_emoji_24_" Tag="[阿弥陀佛]" Tip="阿弥陀佛" File="emoji_24.png" />
        <Emoticon ID="_yixin_emoticon_emoji_25_" Tag="[奸笑]" Tip="奸笑" File="emoji_25.png" />
        <Emoticon ID="_yixin_emoticon_emoji_26_" Tag="[睡着]" Tip="睡着" File="emoji_26.png" />
        <Emoticon ID="_yixin_emoticon_emoji_27_" Tag="[口罩]" Tip="口罩" File="emoji_27.png" />
        <Emoticon ID="_yixin_emoticon_emoji_28_" Tag="[努力]" Tip="努力" File="emoji_28.png" />
        <Emoticon ID="_yixin_emoticon_emoji_29_" Tag="[抠鼻孔]" Tip="抠鼻孔" File="emoji_29.png" />
        <Emoticon ID="_yixin_emoticon_emoji_30_" Tag="[疑问]" Tip="疑问" File="emoji_30.png" />
        <Emoticon ID="_yixin_emoticon_emoji_31_" Tag="[怒骂]" Tip="怒骂" File="emoji_31.png" />
        <Emoticon ID="_yixin_emoticon_emoji_32_" Tag="[晕]" Tip="晕" File="emoji_32.png" />
        <Emoticon ID="_yixin_emoticon_emoji_33_" Tag="[呕吐]" Tip="呕吐" File="emoji_33.png" />
        <Emoticon ID="_yixin_emoticon_emoji_160_" Tag="[拜一拜]" Tip="拜一拜" File="emoji_160.png" />
        <Emoticon ID="_yixin_emoticon_emoji_161_" Tag="[惊喜]" Tip="惊喜" File="emoji_161.png" />
        <Emoticon ID="_yixin_emoticon_emoji_162_" Tag="[流汗]" Tip="流汗" File="emoji_162.png" />
        <Emoticon ID="_yixin_emoticon_emoji_163_" Tag="[卖萌]" Tip="卖萌" File="emoji_163.png" />
        <Emoticon ID="_yixin_emoticon_emoji_164_" Tag="[默契眨眼]" Tip="默契眨眼" File="emoji_164.png" />
        <Emoticon ID="_yixin_emoticon_emoji_165_" Tag="[烧香拜佛]" Tip="烧香拜佛" File="emoji_165.png" />
        <Emoticon ID="_yixin_emoticon_emoji_166_" Tag="[晚安]" Tip="晚安" File="emoji_166.png" />
        <Emoticon ID="_yixin_emoticon_emoji_34_" Tag="[强]" Tip="强" File="emoji_34.png" />
        <Emoticon ID="_yixin_emoticon_emoji_35_" Tag="[弱]" Tip="弱" File="emoji_35.png" />
        <Emoticon ID="_yixin_emoticon_emoji_36_" Tag="[OK]" Tip="OK" File="emoji_36.png" />
        <Emoticon ID="_yixin_emoticon_emoji_37_" Tag="[拳头]" Tip="拳头" File="emoji_37.png" />
        <Emoticon ID="_yixin_emoticon_emoji_38_" Tag="[胜利]" Tip="胜利" File="emoji_38.png" />
        <Emoticon ID="_yixin_emoticon_emoji_39_" Tag="[鼓掌]" Tip="鼓掌" File="emoji_39.png" />
        <Emoticon ID="_yixin_emoticon_emoji_167_" Tag="[握手]" Tip="握手" File="emoji_167.png" />
        <Emoticon ID="_yixin_emoticon_emoji_40_" Tag="[发怒]" Tip="发怒" File="emoji_40.png" />
        <Emoticon ID="_yixin_emoticon_emoji_41_" Tag="[骷髅]" Tip="骷髅" File="emoji_41.png" />
        <Emoticon ID="_yixin_emoticon_emoji_42_" Tag="[便便]" Tip="便便" File="emoji_42.png" />
        <Emoticon ID="_yixin_emoticon_emoji_43_" Tag="[火]" Tip="火" File="emoji_43.png" />
        <Emoticon ID="_yixin_emoticon_emoji_44_" Tag="[溜]" Tip="溜" File="emoji_44.png" />
        <Emoticon ID="_yixin_emoticon_emoji_45_" Tag="[爱心]" Tip="爱心" File="emoji_45.png" />
        <Emoticon ID="_yixin_emoticon_emoji_46_" Tag="[心碎]" Tip="心碎" File="emoji_46.png" />
        <Emoticon ID="_yixin_emoticon_emoji_47_" Tag="[钟情]" Tip="钟情" File="emoji_47.png" />
        <Emoticon ID="_yixin_emoticon_emoji_48_" Tag="[唇]" Tip="唇" File="emoji_48.png" />
        <Emoticon ID="_yixin_emoticon_emoji_49_" Tag="[戒指]" Tip="戒指" File="emoji_49.png" />
        <Emoticon ID="_yixin_emoticon_emoji_50_" Tag="[钻石]" Tip="钻石" File="emoji_50.png" />
        <Emoticon ID="_yixin_emoticon_emoji_51_" Tag="[太阳]" Tip="太阳" File="emoji_51.png" />
        <Emoticon ID="_yixin_emoticon_emoji_52_" Tag="[有时晴]" Tip="有时晴" File="emoji_52.png" />
        <Emoticon ID="_yixin_emoticon_emoji_53_" Tag="[多云]" Tip="多云" File="emoji_53.png" />
        <Emoticon ID="_yixin_emoticon_emoji_54_" Tag="[雷]" Tip="雷" File="emoji_54.png" />
        <Emoticon ID="_yixin_emoticon_emoji_55" Tag="[雨]" Tip="雨" File="emoji_55.png" />
        <Emoticon ID="_yixin_emoticon_emoji_56_" Tag="[雪花]" Tip="雪花" File="emoji_56.png" />
        <Emoticon ID="_yixin_emoticon_emoji_57_" Tag="[爱人]" Tip="爱人" File="emoji_57.png" />
        <Emoticon ID="_yixin_emoticon_emoji_58_" Tag="[帽子]" Tip="帽子" File="emoji_58.png" />
        <Emoticon ID="_yixin_emoticon_emoji_59_" Tag="[皇冠]" Tip="皇冠" File="emoji_59.png" />
        <Emoticon ID="_yixin_emoticon_emoji_60" Tag="[篮球]" Tip="篮球" File="emoji_60.png" />
        <Emoticon ID="_yixin_emoticon_emoji_61_" Tag="[足球]" Tip="足球" File="emoji_61.png" />
        <Emoticon ID="_yixin_emoticon_emoji_62_" Tag="[垒球]" Tip="垒球" File="emoji_62.png" />
        <Emoticon ID="_yixin_emoticon_emoji_63_" Tag="[网球]" Tip="网球" File="emoji_63.png" />
        <Emoticon ID="_yixin_emoticon_emoji_64_" Tag="[台球]" Tip="台球" File="emoji_64.png" />
        <Emoticon ID="_yixin_emoticon_emoji_65" Tag="[咖啡]" Tip="咖啡" File="emoji_65.png" />
        <Emoticon ID="_yixin_emoticon_emoji_66_" Tag="[啤酒]" Tip="啤酒" File="emoji_66.png" />
        <Emoticon ID="_yixin_emoticon_emoji_67_" Tag="[干杯]" Tip="干杯" File="emoji_67.png" />
        <Emoticon ID="_yixin_emoticon_emoji_68_" Tag="[柠檬汁]" Tip="柠檬汁" File="emoji_68.png" />
        <Emoticon ID="_yixin_emoticon_emoji_69_" Tag="[餐具]" Tip="餐具" File="emoji_69.png" />
        <Emoticon ID="_yixin_emoticon_emoji_70" Tag="[汉堡]" Tip="汉堡" File="emoji_70.png" />
        <Emoticon ID="_yixin_emoticon_emoji_71_" Tag="[鸡腿]" Tip="鸡腿" File="emoji_71.png" />
        <Emoticon ID="_yixin_emoticon_emoji_72_" Tag="[面条]" Tip="面条" File="emoji_72.png" />
        <Emoticon ID="_yixin_emoticon_emoji_73_" Tag="[冰淇淋]" Tip="冰淇淋" File="emoji_73.png" />
        <Emoticon ID="_yixin_emoticon_emoji_74_" Tag="[沙冰]" Tip="沙冰" File="emoji_74.png" />
        <Emoticon ID="_yixin_emoticon_emoji_75_" Tag="[生日蛋糕]" Tip="生日蛋糕" File="emoji_75.png" />
        <Emoticon ID="_yixin_emoticon_emoji_76_" Tag="[蛋糕]" Tip="蛋糕" File="emoji_76.png" />
        <Emoticon ID="_yixin_emoticon_emoji_77_" Tag="[糖果]" Tip="糖果" File="emoji_77.png" />
        <Emoticon ID="_yixin_emoticon_emoji_78_" Tag="[葡萄]" Tip="葡萄" File="emoji_78.png" />
        <Emoticon ID="_yixin_emoticon_emoji_79_" Tag="[西瓜]" Tip="西瓜" File="emoji_79.png" />
        <Emoticon ID="_yixin_emoticon_emoji_80" Tag="[光碟]" Tip="光碟" File="emoji_80.png" />
        <Emoticon ID="_yixin_emoticon_emoji_81_" Tag="[手机]" Tip="手机" File="emoji_81.png" />
        <Emoticon ID="_yixin_emoticon_emoji_82_" Tag="[电话]" Tip="电话" File="emoji_82.png" />
        <Emoticon ID="_yixin_emoticon_emoji_83_" Tag="[电视]" Tip="电视" File="emoji_83.png" />
        <Emoticon ID="_yixin_emoticon_emoji_84_" Tag="[声音开启]" Tip="声音开启" File="emoji_84.png" />
        <Emoticon ID="_yixin_emoticon_emoji_85" Tag="[声音关闭]" Tip="声音关闭" File="emoji_85.png" />
        <Emoticon ID="_yixin_emoticon_emoji_86_" Tag="[铃铛]" Tip="铃铛" File="emoji_86.png" />
        <Emoticon ID="_yixin_emoticon_emoji_87_" Tag="[锁头]" Tip="锁头" File="emoji_87.png" />
        <Emoticon ID="_yixin_emoticon_emoji_88_" Tag="[放大镜]" Tip="放大镜" File="emoji_88.png" />
        <Emoticon ID="_yixin_emoticon_emoji_89_" Tag="[灯泡]" Tip="灯泡" File="emoji_89.png" />
        <Emoticon ID="_yixin_emoticon_emoji_90" Tag="[锤头]" Tip="锤头" File="emoji_90.png" />
        <Emoticon ID="_yixin_emoticon_emoji_91_" Tag="[烟]" Tip="烟" File="emoji_91.png" />
        <Emoticon ID="_yixin_emoticon_emoji_92_" Tag="[炸弹]" Tip="炸弹" File="emoji_92.png" />
        <Emoticon ID="_yixin_emoticon_emoji_93_" Tag="[枪]" Tip="枪" File="emoji_93.png" />
        <Emoticon ID="_yixin_emoticon_emoji_94_" Tag="[刀]" Tip="刀" File="emoji_94.png" />
        <Emoticon ID="_yixin_emoticon_emoji_95" Tag="[药]" Tip="药" File="emoji_95.png" />
        <Emoticon ID="_yixin_emoticon_emoji_96_" Tag="[打针]" Tip="打针" File="emoji_96.png" />
        <Emoticon ID="_yixin_emoticon_emoji_97_" Tag="[钱袋]" Tip="钱袋" File="emoji_97.png" />
        <Emoticon ID="_yixin_emoticon_emoji_98_" Tag="[钞票]" Tip="钞票" File="emoji_98.png" />
        <Emoticon ID="_yixin_emoticon_emoji_99_" Tag="[银行卡]" Tip="银行卡" File="emoji_99.png" />
        <Emoticon ID="_yixin_emoticon_emoji_100" Tag="[手柄]" Tip="手柄" File="emoji_100.png" />
        <Emoticon ID="_yixin_emoticon_emoji_101_" Tag="[麻将]" Tip="麻将" File="emoji_101.png" />
        <Emoticon ID="_yixin_emoticon_emoji_102_" Tag="[调色板]" Tip="调色板" File="emoji_102.png" />
        <Emoticon ID="_yixin_emoticon_emoji_103_" Tag="[电影]" Tip="电影" File="emoji_103.png" />
        <Emoticon ID="_yixin_emoticon_emoji_104_" Tag="[麦克风]" Tip="麦克风" File="emoji_104.png" />
        <Emoticon ID="_yixin_emoticon_emoji_105" Tag="[耳机]" Tip="耳机" File="emoji_105.png" />
        <Emoticon ID="_yixin_emoticon_emoji_106_" Tag="[音乐]" Tip="音乐" File="emoji_106.png" />
        <Emoticon ID="_yixin_emoticon_emoji_107_" Tag="[吉他]" Tip="吉他" File="emoji_107.png" />
        <Emoticon ID="_yixin_emoticon_emoji_108_" Tag="[火箭]" Tip="火箭" File="emoji_108.png" />
        <Emoticon ID="_yixin_emoticon_emoji_109_" Tag="[飞机]" Tip="飞机" File="emoji_109.png" />
        <Emoticon ID="_yixin_emoticon_emoji_110" Tag="[火车]" Tip="火车" File="emoji_110.png" />
        <Emoticon ID="_yixin_emoticon_emoji_111_" Tag="[公交]" Tip="公交" File="emoji_111.png" />
        <Emoticon ID="_yixin_emoticon_emoji_112_" Tag="[轿车]" Tip="轿车" File="emoji_112.png" />
        <Emoticon ID="_yixin_emoticon_emoji_113_" Tag="[出租车]" Tip="出租车" File="emoji_113.png" />
        <Emoticon ID="_yixin_emoticon_emoji_114_" Tag="[警车]" Tip="警车" File="emoji_114.png" />
        <Emoticon ID="_yixin_emoticon_emoji_115_" Tag="[自行车]" Tip="自行车" File="emoji_115.png" />
    </Catalog>
</PopoEmoticons>


